<keymap version="1" name="macOS copy" parent="Mac OS X 10.5+">
  <action id="ActivateFindToolWindow" />
  <action id="ActivateTerminalToolWindow">
    <keyboard-shortcut first-keystroke="meta 3" />
  </action>
  <action id="CloseProject">
    <keyboard-shortcut first-keystroke="meta back_slash" />
  </action>
  <action id="CollapseSelection" />
  <action id="DatabaseView.PropertiesAction" />
  <action id="Debugger.AddToWatch">
    <keyboard-shortcut first-keystroke="meta m" />
  </action>
  <action id="EditorJoinLines">
    <keyboard-shortcut first-keystroke="meta j" />
  </action>
  <action id="EditorToggleCase" />
  <action id="ExternalSystem.EditRunConfiguration">
    <keyboard-shortcut first-keystroke="meta period" />
  </action>
  <action id="FindNext" />
  <action id="Git.Pull">
    <keyboard-shortcut first-keystroke="meta g" />
  </action>
  <action id="GotoDeclaration">
    <mouse-shortcut keystroke="meta button1" />
    <mouse-shortcut keystroke="Force touch" />
    <mouse-shortcut keystroke="button2" />
  </action>
  <action id="InsertLiveTemplate" />
  <action id="Javascript.Linters.EsLint.Fix">
    <keyboard-shortcut first-keystroke="meta i" />
  </action>
  <action id="MinimizeCurrentWindow" />
  <action id="OpenInBrowser">
    <keyboard-shortcut first-keystroke="meta b" />
  </action>
  <action id="OpenInBrowserEditorContextBarGroupAction">
    <keyboard-shortcut first-keystroke="meta b" />
  </action>
  <action id="RecentFiles" />
  <action id="ReformatCode">
    <keyboard-shortcut first-keystroke="shift meta u" />
  </action>
  <action id="RevealIn">
    <keyboard-shortcut first-keystroke="meta e" />
  </action>
  <action id="ShelveChanges.UnshelveWithDialog" />
  <action id="ShowReformatFileDialog">
    <keyboard-shortcut first-keystroke="shift meta u" />
  </action>
  <action id="SwitcherIterateItems" />
  <action id="SwitcherRecentEditedChangedToggleCheckBox" />
  <action id="Vcs.ShowMessageHistory">
    <keyboard-shortcut first-keystroke="ctrl m" />
  </action>
  <action id="org.intellij.plugins.markdown.ui.actions.styling.MarkdownCreateLinkAction" />
  <action id="org.intellij.plugins.markdown.ui.actions.styling.ToggleBoldAction" />
  <action id="org.intellij.plugins.markdown.ui.actions.styling.ToggleItalicAction" />
</keymap>